片名, 票房(万元)
007：无暇赴死,41212.70
12的魔法,7039.61
1917,6889.81
1921,42706.69
1931刺杀宋子文之谜,29.64
1950他们正年轻,1069.63
2019阅兵盛典,2835.27
2024江苏无锡法国电影展,15.63
2067,76.39
21座桥,2859.09
22年后的自白,534.55
318号公路,62.61
36号护卫车,156.17
749局,37605.09
760号犯人,317.55
816,63.92
82号古宅,795.18
99万次拥抱,157.05
9号传奇,28.23
GT赛车：极速狂飙,1278.30
HELLO，北京,10.96
QQ女人心,2.15
X战警：黑凤凰,40137.02
“上海少女”的三十年,6.57
“大”人物,37351.45
“炼”爱,23.08
一丈天地,19.05
一个和四个,472.48
一个母亲的复仇,11113.08
一个秘密,2.22
一些往事,5.00
一代人师严修,8.83
一件棉袄,1.58
一切如你,154.88
一千零一夜之拯救黄金城,58.66
一吻定情,17358.39
一周的朋友,12157.67
一和多,5.50
一团乱麻,1.09
一定拿到手,698.95
一山之隔,106.99
一席之地,1.48
一日成交,73.30
一日父子,1.10
一春,18.68
一条狗的使命2,19625.65
一条狗的回家路,3632.55
一杯上路,8.09
一江春水,220.76
一江清水,19.01
一点就到家,30974.90
一片绿洲,2.08
一生交给党,308.64
一生只为一事来,605.06
一生有你2019,4183.51
一百分女人,5.95
一百零八,3003.21
一直一直都很喜欢你,2199.59
一直游到海水变蓝,673.22
一秒钟,13113.87
一竞到底,53.31
一起走过,31.11
一路向南,25.22
一路情缘,1.56
一路爱情,206.80
一路疯癫,11.74
一车四仆,28.94
一闪一闪亮星星,70050.31
一雪前耻,9380.47
七人乐队,1351.49
七号房的礼物,1701.82
七声,6.25
七月之后,4.11
七月的舞步,211.12
万湖会议,104.35
万物三生,5.97
万里归途,156487.33
三傻闹地球,482.01
三叉戟,2890.60
三只小猪3：正义大联萌,393.12
三块石,6.19
三大队,60460.94
三年,16.97
三流勇士,19.78
三湾改编,2337.74
三贵情史,474.99
三重威胁之跨国大营救,150.59
上海堡垒,12133.13
上海往事之当年情,2.95
上海的女儿,32.15
下一任：前任,12840.04
下一站：幸福,502.81
不一样的九零后,100.00
不一样的夏天,2.00
不二兄弟,72.46
不动声色,29.67
不在远方,9.79
不孤岛,276.09
不完美的幸福,10.04
不想和你有遗憾,1665.35
不曾消失的爱,122.85
不期而遇的夏天,448.16
不欺不遇,13.33
不止不休,4836.56
不死鸟之恋,404.86
不老奇事,3610.53
不能流泪的悲伤,5533.80
不能错过的只有你,5139.49
不虚此行,2697.40
不要先生与好的女士,97.33
不要再见啊，鱼花塘,100.01
不要忘记我爱你,5585.06
不要走散好不好,1626.20
不速来客,5521.21
与你相遇的日子,942.83
与孩子一同成长,14.97
与我跳舞,64.21
与父与子,11.90
与鱼共舞,5.00
丑娃娃,289.03
丑小鸭的天鹅湖,210.53
丑角儿,15.55
世上只有妈妈好,44.65
世上只有爸爸好,1.05
世界上最爱我的人,761.24
世界唯一一个你,5.96
世界欠我一个你,58.58
世间有她,5613.40
丛林历险记,11.15
丛林大冒险,111.86
丛林奇航,4487.71
东北虎,1684.39
东极日出,6.61
东江风云,1.62
丢人,13.11
两个人的山林,24.00
两只老虎,22397.68
两情若是久长时,4.70
个十百千万,204.56
中华熊猫,8.37
中国乒乓之绝地反击,4584.05
中国医生,132370.74
中国机长,284344.96
中国车手周冠宇,98.82
临时乘客,18.10
临时劫案,23645.91
临时家族,1.21
丹顶鹤,105.48
丹顶鹤女孩,2.16
为了明天升起的太阳,5.48
为国而歌,788.16
为家而战,1718.46
乌海,1493.16
乌珠穆沁恋歌,10.10
乌蒙奇缘,23.19
乌衣夜行,10.85
乐高大电影2,1841.20
乔乔的异想世界,1133.40
乔妍的心事,15157.55
乔治娅,15.90
乔西的虎与鱼,679.12
乘客,14.65
乘船而去,149.77
乜代宗师,80.04
九克拉战栗,43.76
九兰,71.28
九妹,553.09
九条命,164.42
九零后,1027.86
九龙不败,1865.49
九龙城寨之围城,60444.65
乡土,66.12
乡见未晚,28.88
书记日记,3.49
乾坤镯,4.77
了不起的夜晚,4462.64
了不起的老爸,14734.44
二凤,63.57
二十二万公里路（蟠龙梆子）,1.16
二哥来了怎么办,3021.88
二手杰作,11543.88
二月泉,5.51
二郎神之深海蛟龙,415.36
云上的云,1084.25
云上的孩子,0.83
云在江口,83.31
云崖飞车,0.72
云淡风轻,28.81
云知道,0.60
云端之上,211.21
云边有个小卖部,49931.99
云雀,3.20
云雾女孩,3.76
云雾笼罩的山峰,1.07
云霄之上,375.02
五个扑水的少年,6106.02
五十米之恋,129.50
五尺天涯,684.71
五彩缤纷,23.04
五月天人生无限公司,4926.22
井冈星火,1097.11
亡命救护车,1582.19
交换人生,39359.00
京剧搜孤救孤,3.37
京北的我们,17.56
京门烽火,3.68
亭亭如盖,5.13
亲密,122.47
亲密旅行,366.13
亲爱的新年好,6243.47
人之怒,15985.16
人民万岁,1669.75
人海同游,70.15
人潮汹涌,76130.52
人生大事,167206.31
人生路不熟,118133.19
人间·喜剧,6322.41
人间世,113.99
今世未了缘,4.14
今夜在浪漫剧场,1230.74
今夜，就算这份爱恋从世界上消失,1664.79
今年二十二,364.24
今年过年就结婚,23.01
从21世纪安全撤离,7564.05
他们已不再变老,318.15
他她他她,40.83
仙女鸟飞过的夏天,13.07
以寡敌众,47.12
以年为单位的恋爱,23199.30
以法之名,1.90
仲肯,162.10
企鹅公路,315.02
伊水栾山,1.56
会考试的猛犸象,37.52
伞少女,1910.36
伟大征程,62.24
传说,4386.45
伴我远行,5.19
似水流年,6.19
何以为家,37351.01
何以飞翔,126.71
何叔衡,36.79
何处生长,15.56
余下都是春天,20.36
余生那些年,2145.97
你咪理，我爱你！,86.04
你在我的世界里,9.90
你好世界,13604.89
你好现任,8.88
你好，李焕英,540314.62
你好，珠峰,5.48
你好，鸽先生,12.66
你就在我身边,300.37
你想活出怎样的人生,79067.35
你是凶手,4890.08
你是我的一束光,512.57
你是我的春天,3058.68
你是我的英雄,1006.13
你是最美,10.02
你猜我是不是英雄,0.71
你的世界如果没有我,3031.36
你的婚礼,78920.77
你的情歌,213.00
你的约定,34.00
使徒行者2：谍影行动,70158.45
侍神令,27404.86
侏罗纪世界3,105458.10
侏罗纪大乐园,144.89
依恋,10.44
侠路相逢,1116.65
侣行攻略之确认你是我的人,14.44
俑之城,6849.13
保你平安,67088.66
保家卫国——抗美援朝光影纪实,1893.36
保持沉默,2144.79
信仰无敌,82.38
信念一生,337.20
信条,45091.40
信者,319.46
俺的傻娘,13.91
倍儿喜欢你,519.08
倒仓,147.19
倒数说爱你,2617.30
候鸟,843.76
假如你很富有,2.00
假如明天来临,1.51
假如爱情欺骗了你,35.57
假如，我是这世上最爱你的人,1452.87
假面饭店,1696.92
偷龙换凤,5.00
傍晚向日葵,375.99
催婚,3.84
催眠·裁决,9658.37
兄弟，请注意,1.93
光,311.37
光之子,38.32
光明使者周维忠,90.50
光语者,37.86
克拉和玛依历险记,19.75
兔子暴力,2660.38
入殓师,6595.69
全员嫌疑人,2173.31
全职高手之巅峰荣耀,8493.35
八佰,286217.17
八十九分之一的凶手,3.50
八十天环游地球,186.97
八子,1587.13
八拍,1.86
八月未央,6788.89
八百矿工上井冈,29.76
八角笼中,178680.94
公主裙,179.47
六人-泰坦尼克上的中国幸存者,375.92
六号银像,36.01
六月夏初,3.87
六月的雪之战犬,5.71
六欲天,123.32
六谷儿,3.35
六连煞,27.30
兰心大剧院,2152.61
兰湖水畔,2.48
共同命运,190.73
关于我妈的一切,14405.23
关机,23.87
兴凯湖畔,6.55
养家之人,618.67
养蜂人,11366.79
再会长江,1012.16
再看我一眼,2.30
再见吧！少年,259.84
再见土拨鼠,563.99
再见汪先森,1024.75
再见，少年,2022.28
再见，李可乐,23415.88
再见，陌生人,43.33
冒牌特工,12.19
冒牌车王,0.67
农民院士,69.94
冠军,111.17
冠军的心,76.05
冥绝村,735.84
冬去冬又来,24.50
冬天没有童话,0.03
冰上时刻,158.29
冰下的鱼,26.14
冰刀里的夏日,1.15
冰山下的守望者,238.95
冰峰暴,1250.77
冰川之恋,1.83
冰建王国,9.95
冰雪与少年,1.49
冰雪大作战2,1201.28
冰雪奇缘2,86034.44
冰雪女王4：魔镜世界,2346.93
冰雪女王5：融冰之战,938.66
冲出地球,999.21
冲撞,4.60
决战中途岛,29273.48
决胜时刻,11869.03
冷血追击,521.15
净地,397.95
凌晨两点半2,683.19
凤鸣飞天,18.52
凯利和超级可乐,56.21
出不去的房间,60.07
出发,584.97
出发！第一书记,13.54
出手吧！女生,37.57
出拳吧，妈妈,395.39
出走的决心,11785.58
出走的马蹄,10.03
出门在外,126.30
刀剑神域进击篇：暮色黄昏,3292.36
刀尖,5046.06
分睡契约,2.66
创客兄弟,8.85
创富二代,1.01
初恋这首情歌,72.02
利刃出鞘,20021.36
利刃破冰,218.93
别叫我“赌神”,4078.72
别告诉她,355.39
别哭！妈妈,3.66
别岁,27.60
刮大风,12.24
到你身边,1.82
刺杀小说家,103511.91
刺猬,14423.11
刺猬索尼克,1990.53
刿心剑,17.97
前任4：英年早婚,101047.29
剩女小爱,426.40
剩女觅爱记,1.95
力量密码,1121.89
功夫乒乓,1.70
功夫四侠：勇闯地宫,126.55
功夫小镇,25.56
功夫熊猫4,28586.78
功夫王之萌虎上山,511.73
功夫营救,1.21
加油吧！乡亲们,48.48
加班惊魂,433.87
加菲猫家族,18500.33
动听的生命,3.12
动物出击,446.86
动物园里有什么？,10803.44
动物特工局,4238.18
劫数难逃,27.26
勇敢者游戏2：再战巅峰,28945.84
包青天之天下第一庄,1.81
北京2022,2025.64
北京屋檐下,1.17
北平会馆,837.46
北极荒原,18.38
北纬25°天空下,10.10
匠心,186.69
匹诺曹,1676.48
医者仁心,18.80
十三行,1.85
十年一品温如言,16725.93
千与千寻,48600.94
千里送鹤,65.83
千顷澄碧的时代,909.98
午夜6号房,483.22
午夜废墟,183.73
午夜怪谈,159.16
午夜迷途,280.73
半个喜剧,18024.34
半个月亮爬上来,3.24
半条棉被,740.73
半条被子,57.93
半边天,69.29
单单,5.71
单声,0.64
南太平洋之旅,13.39
南拳之英雄崛起,12.59
南方南方,3.78
南方车站的聚会,20226.78
南湖女儿,18.24
南溟奇缘之爱情树,0.83
占芭花开,2.06
卡壳,10.11
卡拉斯：为爱而声,80.78
卧鼠藏虫,527.91
卫士,0.88
印度制造,7.98
印度女孩,323.66
印式英语,117.01
印痕,2.96
危机航线,29667.46
危险记忆,123.38
卸甲归来,65.95
原来如此,139.50
厨神驾到,57.17
参娃与天池怪兽之瑞雪兆丰年,22.10
又是一春梨花白,2.01
又是充满希望的一天,18.86
又见奈良,461.96
又见米乐,5.30
友情以上,5119.32
双子杀手,23274.77
双山阻击战,17.66
双水村里枣花香,4.80
双生,1766.33
反恐特战队：清盘行动,106.73
反贪风暴4,79159.92
反贪风暴5：最终章,62575.20
发小儿万岁,146.58
受益人,20607.81
变化中的中国·生活因你而火热,936.00
变形金刚：起源,12983.76
变形金刚：超能勇士崛起,64787.33
变身攻略,2.27
变身特工,10351.51
古井凶灵,534.06
古堡守灵人,117.11
古宅谜案,99.80
古庙迷杀,146.30
古田军号,3964.85
古窑迷踪,95.25
古董局中局,42829.81
古镇疑云,1.05
只属于我们的一天,272.68
只是一次偶然的旅行,112.34
只有芸知道,14875.81
只此青绿,4576.36
只要你过得比我好,454.37
叫我郑先生,117.24
可不可以不要离开我,2026.52
可不可以你也刚好喜欢我,1604.27
叱咤风云,500.00
叶问4：完结篇,117825.13
合法伴侣,1067.77
合群路,1.99
吉祥如意,1315.26
同学们,19.13
名侦探柯南：万圣节的新娘,19567.82
名侦探柯南：百万美元的五棱星,28610.16
名侦探柯南：绀青之拳,23078.01
名侦探柯南：绯色的子弹,21303.32
名侦探柯南：贝克街的亡灵,5654.03
名侦探柯南：黑铁的鱼影,16237.11
向日葵中队,23.73
向爱而生,4.17
向着明亮那方,145.98
向阳花又开,4.85
吕建江,127.04
吴来朝,10.57
吹哨人,5001.63
吾爱敦煌,823.34
呆瓜兄弟,6.75
周军的行走,130.70
周处除三害,64822.47
周恩来与乌兰牧骑,2.57
周恩来回延安,2325.13
周永开,456.03
周立波回清溪,1048.55
周而复死,4.41
呼伦贝尔城,11.20
呼吸,271.95
呼吸的音乐,12.48
命中注定与你为敌,7.38
命运之夜——天之杯II ：迷失之蝶,2953.03
命运之夜——天之杯：恶兆之花,3140.52
咱们村来了贴心人,0.87
哆啦A梦：伴我同行2,27667.05
哆啦A梦：大雄与天空的理想乡,10158.65
哆啦A梦：大雄的地球交响乐,13108.28
哆啦A梦：大雄的宇宙小战争2021,9911.78
哆啦A梦：大雄的新恐龙,6326.07
哆啦A梦：大雄的月球探险记,13134.49
哈尔的移动城堡,16728.05
哈里斯夫人闯巴黎,21.81
哥斯拉2：怪兽之王,91104.38
哥斯拉大战金刚,123045.27
哥斯拉大战金刚2：帝国崛起,95468.45
哥，你好,52177.47
哦！文姬,290.69
哪吒之决战龙神,2.99
哪吒之魔童降世,489870.83
唐人街探案3,451309.66
唐顿庄园,2257.95
唐顿庄园2,1294.30
唢呐客,2.25
唤醒者,479.24
唬胆特工,319.67
善良的天使,23.46
喋血战士,4540.49
喋血羊城,12.77
喜上梅梢,3.44
喜宝,11339.22
喜盈代村,79.24
喜羊羊与灰太狼之守护,8520.93
喜羊羊与灰太狼之筐出未来,14930.89
喜马拉雅之灵,58.11
嗨！神兽,120.87
嘿，蠢贼,6.70
噬魂剑,258.79
噬魂岛,123.85
四个春天,968.12
四季童年,12.50
四年二班,15.28
四月女友,289.66
四海,54288.66
回到过去拥抱你,1972.39
回南天,15.97
回家，扒龙舟,2.55
回廊亭,19804.21
回西藏,77.82
因你而动,51.39
因果报应,5212.34
因爱而伟大,317.66
团圆饭之小小少年,218.06
囧样喜事,40.22
囧男进化论,10.03
困兽,2063.01
困在心绪里的儿子,214.04
困在时间里的父亲,3119.18
围屋喜事,18.27
国礼,517.56
国鼎魂（苏剧）,12.58
图兰朵：魔咒缘起,1889.73
圣山村谜局,445.36
在乎你,775.97
在别处,1.95
地久天长,4036.06
地安门往事,1.88
地火,105.60
地狱男爵：血皇后崛起,8539.40
地球脉动：极境生存,275.07
地瓜味的冰激凌,22.72
坂本龙一：杰作,472.26
坂本龙一：终曲,497.74
坏蛋联盟,33317.20
坚如磐石,134812.89
坚守1200秒,63.81
坠落,2642.26
坠落的审判,2574.64
垛上花,1.18
城南老街新戏,1.24
城市梦,228.08
城市猎人,244.18
堡垒,160.41
境·界,359.09
士兵顺溜：兵王争锋,176.01
复仇者联盟4：终局之战,405873.43
复合吧！前任,467.12
复合大作战,281.68
夏夜骑士,29.62
夏天的烦恼,4.96
夏天的蜗牛,2.76
夏日友晴天,8868.75
夏日心灵,19.95
夏来冬往,20.38
夏目友人帐,11526.75
外太空的莫扎特,22395.03
外来书记,12.51
多力特的奇幻冒险,13594.33
多彩田园,11.57
夜伴歌声,507.97
夜守,276.24
夜幕将至,52.32
大“反”派,5697.32
大事,659.96
大人父母官,6.24
大侦探皮卡丘,63752.88
大侦探霍桑,799.64
大傩·董春女,86.10
大国粮仓,83.00
大圣降妖,216.05
大地颂歌,66.54
大场面,1219.94
大城大楼,2582.39
大大哒,178.07
大头大头下雨不愁,25.42
大学,701.21
大工斩玉,1.49
大微商,81.46
大旅行,82.43
大明监察御史,31.51
大桥小乔,0.96
大梦难忘,1111.76
大河向东流之沁源故事,109.50
大河唱,219.91
大洋追鱼记,23.67
大爱撑天,7.91
大瓦山的笑声,7.10
大白鲨之夺命鲨口,402.66
大突围,532.53
大笑喜剧人,5.00
大红包,23527.07
大约在冬季,22756.57
大耳朵图图之霸王龙在行动,5396.23
大话情圣,34.08
大话西游之成长的烦恼,35.53
大道十年,20.42
大陈岛誓言,14.07
大雨,1719.50
大黄蜂,114120.29
天·火,17039.40
天上再见,244.72
天上的孩子,26.82
天下无伤,5.90
天下无拐,113.64
天下无敌,257.73
天下无毒,74.96
天之书,137.80
天之坑,20.01
天书奇谭4K纪念版,2764.55
天作谜案,916.68
天使陷落,6688.19
天后小助理,25.98
天地之间,60.61
天地辽阔,17.66
天堂玩家,117.20
天堂电影院,1970.51
天堂的张望,25.51
天堂谷大冒险,368.41
天工苏作,21.89
天才计划,1130.94
天气之子,28840.46
天池水怪,8.79
天牢地网,175.67
天眼风云,32.27
天空之城,13505.92
天边加油站,111.62
天道王,2522.39
天降大任,3100.64
太空熊猫英雄诞生,524.41
太空狗之月球大冒险,293.00
太阳升起的时刻,1245.91
失控玩家,61170.23
失而复得,464.52
头脑特工队2,33986.82
夹缝之间,61.28
夺冠,83268.26
夺命杀机,31.87
夺命黄金,268.59
夺宝奇兵：命运转盘,2382.83
夺宝联盟,3.22
奇妙王国之魔法奇缘,1005.00
奇妙萌可大电影,1099.38
奇幻森林之兽语小子,104.75
奇异世界历险记,501.05
奇情快车,920.18
奇迹·笨小孩,137303.65
奇迹小子,21.25
奇迹少女,1600.91
奇迹舞社,67.61
奇霞夺宝录,1.27
奋斗吧中华儿女,456.83
奎迪：英雄再起,1682.10
奔命,1.00
奔腾岁月,14.55
奔跑吧，麋鹿,28.06
奥本海默,44556.09
女人世界,151.57
女王的柯基,1535.45
女生规则,243.54
好东西,52430.00
好像也没那么热血沸腾,16432.10
好好回家,0.81
好小子，好功夫,244.59
好想去你的世界爱你,9555.83
好运来,5334.25
如影随心,2358.90
如果声音不记得,33474.72
如果有一天我将会离开你,415.98
如果爱就表白,8.08
如梦晋阳,348.34
如父如子,255.83
妈妈不再摇滚,67.24
妈妈和七天的时间,29.01
妈妈的礼物,26.75
妈妈的神奇小子,1513.51
妈妈！,7491.59
妈妈，我不想坐牢,3.05
妈妈，我想你,113.05
妈祖回家,32.92
妈阁是座城,5190.17
妖怪手表：永远的朋友,82.49
妙先生,1134.40
始发站,331.28
始石疯暴,0.95
姜子牙,160161.81
姥姥的外孙,12427.61
威尼斯惊魂夜,4370.97
婚事,0.86
婚前72小时,5.04
婚前故事,150.85
嫌疑人之长夜将尽,24.49
孔秀,221.09
孤军,2726.36
孤山,0.47
孤山魅影,116.50
孤星计划,7024.58
孤注一掷,330812.63
孤独的守望者,1.96
学区房72小时,111.54
学爸,61368.05
宇宙护卫队：风暴力量,1976.39
宇宙探索编辑部,6669.20
守岛人,12043.84
守望人,83.77
守望相思树,326.95
守望青春,1452.13
守灵,315.62
守龙者,74.05
安国夫人（京剧）,27.85
安家,15.06
安阳劫,0.56
安魂,2.98
完美受害人,1310.00
完美的日子,248.78
完美音符,178.19
宝可梦：皮卡丘和可可的冒险,5126.03
宝可梦：超梦的逆袭 进化,1618.01
宝莱坞机器人2.0：重生归来,2109.53
宝贝追踪,9.42
宠爱,68292.85
宠物联盟,1103.48
客从何处来,1.42
家和万事惊,3247.26
家园·重返地球之战,229.01
家园梦想,21.34
家有儿女之神犬当家,48.57
家有婆媳,1.00
寂静之地2,24862.77
寂静之地：入侵日,12972.17
密室逃生,23170.96
密室逃生2,6860.98
密室逃脱,424.79
密林诡影,12.90
密案1922,320.90
密语者,6.20
富贵东西,64.83
富都青年,342.49
寒单,17.14
对联神童解大绅,2.09
寻人启示录,3.43
寻找兰小草,7.08
寻找消失的恋人,9.16
寻汉计,398.40
寻秘自然：地球往事,38.32
寻秘自然：无形之力,14.23
寻龙传说,12708.46
封口之谜,2.67
封口者,226.04
封神第一部：朝歌风云,257019.16
小Q,9974.89
小丑2：双重妄想,5352.57
小丑奇缘,2.74
小伟,140.97
小倩,838.44
小公主艾薇拉与神秘王国2,511.00
小初,0.79
小园林,8.70
小妇人,4735.91
小孩不笨3,153.47
小小乔,15.39
小小家长,1.37
小小港湾,28.98
小小的愿望,27722.82
小小足球队,1.07
小巷管家,2468.84
小猪佩奇过大年,12489.14
小石头下乡记,4.08
小破孩大状元,579.90
小羊肖恩2：末日农场,1684.11
小美人鱼,2650.67
小美人鱼之大海怪传说,643.27
小美人鱼的奇幻冒险,1173.04
小花仙奇迹少女,534.24
小虎墩大英雄,2203.94
小行星猎人,232.67
小轿车,14.44
小镇夕阳,1.46
小镇故事多,3.10
小飞象,14771.06
小马宝莉：新世代,1694.26
小马鞭,879.66
小黄人大眼萌：神偷奶爸前传,23782.01
少女佳禾,777.58
少女宿舍,190.81
少年先锋,30.82
少年日记,100.09
少年有梦,5.00
少年桑吉,13.37
少年的你,155685.91
少年的我,7.54
少年英雄董存瑞,9.95
就爱断舍离,10.18
尺八·一声一世,336.74
尼斯大冒险,461.52
尼罗河上的惨案,6828.87
屋内有人,319.22
屋檐下,0.75
屋顶足球,96.67
山乡宁静,1.04
山歌,96.93
山海经之再见怪兽,3823.47
山海经之小人国,1385.28
山花绽放,5.79
山路十八湾,494.74
山里的梦,0.96
山雨云野,1.32
岁月在这儿,171.80
岭上花开,0.98
峰爆,43499.29
崖上人,1.06
崖上的波妞,2672.82
崮上情天,7.12
川流不“熄”,267.40
巡察,1.84
工作细胞：细胞大作战,758.92
巧克力和酥油花,21.47
巧虎大飞船历险记,2230.64
巧虎奇幻舞台历险记,648.64
巧虎魔法岛历险记,1320.99
巨星嫁到,373.94
巨鳄风暴,7442.35
巨齿鲨2：深渊,85124.57
差等生乔曦,64.13
巴比龙,137.18
布德之路,133.02
带你去见我妈,2310.50
带你归家,39.38
带彩球的帐篷,4.59
幕后人,51.69
平凡英雄,21544.78
平原上的夏洛克,681.30
平安中国之守护者,5322.38
平家物语：犬王,422.44
平教之路,9.78
平行森林,19.42
年会不能停！,124240.85
年少日记,1497.64
年少有你,21.38
幸福小马灯,30.42
幸福山歌,6.64
幸福慢车,1181.43
幸福是什么,18.49
幸福核桃,0.28
幸福的小满,137.33
幸福的模样,34.25
幸运电梯,66.11
幺妹住在十三寨,11.88
应承,105.57
废柴老爸,516.29
康熙与路易十四,180.42
廉政风云,12008.87
建筑师,5.39
开国宴风云,55.12
开国将帅授衔1955,541.65
开始而已,1280.27
开山人,2949.78
开心超人之时空营救,2566.88
开心超人之英雄的心,1032.61
异人之下,11843.77
异兽,572.59
异形：夺命舰,78510.33
张之洞,1.02
归去来兮,0.96
归路,17.61
当我们海阔天空,188.00
当男人恋爱时,26353.38
形意英雄,4.00
彩虹之上,120.60
彷徨之刃,8896.86
往事如昨,7.45
征程之星火,58.41
征迁,5.77
很有态度,10.94
很高兴遇见·你,43.90
徒手攀岩,3569.05
微信奇缘,8.97
德鲁大叔,1209.07
心之山,2.10
心想念动,4.42
心愿房间,9.10
心灵奇旅,37434.14
心的温度,58.04
忍者神龟：变种大乱斗,949.21
忍者神龟：崛起,389.77
志愿军：雄兵出击,82691.84
忠爱无言2,80.80
忠犬八公,28614.79
忠犬帕尔玛,675.19
忠犬流浪记,682.01
快乐密码,1.88
念念相忘,7622.13
怒吼,84.34
怒潮,20866.95
怒火·重案,130182.02
思念爱,7.16
急先锋,29274.29
急速逃脱,444.45
怨偶铠甲,209.48
怪物猎人,3324.33
怪癖英雄,13.09
怯懦的勇气,1.27
恋恋不舍,74.47
恐婚：逃跑计划,6.96
恐龙飞车,84.51
恶世之子,17.76
悟·空,31.12
悟空奇遇记,1885.37
悠悠乡戏,1.09
悠然见南山,163.44
您好，北京,5030.23
悬崖,31.78
悬崖下72小时,21.51
悬崖之上,117172.21
情与债,9.96
情定红海滩,6.85
情满茶香,0.96
惊天救援,3896.09
惊奇队长,101964.04
惊奇队长2,10845.73
惊心妒怨,119.62
惊涛迷局,64.95
想见你,38485.39
意外人生,422.28
感动她77次,3205.66
愤怒的小鸟2,13663.15
慈善玩家,3.56
慧能前传,15.82
憨兔的奇幻之旅,316.34
戏,38.88
戏是人生,2.44
戏杀,721.04
戏笑江湖,39.01
我不是天才,21.45
我不是葫芦瓢,100.28
我世界里的你,19.28
我为你喝彩,668.98
我为你牺牲,24645.11
我们一起摇太阳,14325.52
我们回家吧,1.87
我们是第一书记,300.47
我们正年轻,1.64
我们永远是我们,12.51
我们的七月,2.55
我们的冬奥,6417.02
我们的岁月,148.76
我们的样子像极了爱情,1489.05
我们的爱情,77.17
我叫为何,10.68
我叫李广安,1.48
我向星星许个愿,1.44
我和妈妈的最后一年,97.61
我和我的家乡,282260.37
我和我的小伙伴们,31.14
我和我的父辈,144964.67
我和我的祖国,307829.72
我和班主任的故事,24.41
我在原地等你,74.65
我在时间尽头等你,50428.01
我在汴京等你,2.56
我在社区当片儿警,1.86
我在耀瓷小镇等你,720.19
我就是那大侠,11.96
我心向上,0.18
我心飞扬,617.80
我想吃掉你的胰脏,2383.64
我想和你在一起,17.32
我才不要和你做朋友呢,17428.38
我是刑警王,34.08
我是周浩然,22.09
我是哪吒2之英雄归来,1751.12
我是监护人,383.63
我是真的讨厌异地恋,16508.58
我是车手,2.88
我是霸王龙,3263.77
我本少年,6.92
我本是高山,8072.42
我没有失踪,7.28
我没谈完的那场恋爱,5006.56
我爱你！,41575.63
我爸没说的那件事,407.53
我的三平方,46.01
我的体育老师,125.56
我的初恋十八岁,0.01
我的合唱团,1.38
我的启蒙老师,5.64
我的嘟卡弟弟,124.69
我的女友是机器人,4078.91
我的姐妹是网红之追梦花,18.17
我的姐姐,85952.61
我的宠物是大象,254.47
我的心里住着一只猫,13.40
我的拳王男友,2450.21
我的村我的家,15.09
我的游戏情人,23.97
我的父亲焦裕禄,1806.38
我的爷爷,253.91
我的爸爸是森林之王2,1081.51
我的爸爸是齐天大圣,5.28
我的男友是辅警,1.04
我的船长老师,5.93
我的英雄,43.50
我的英雄学院：两位英雄,3865.50
我的遗憾和你有关,3283.79
我的青春有个你,6218.46
我的青春都是你,1487.69
我的青海,14.64
我的非凡父母,534.90
我经过风暴,17165.41
我要和你在一起,464.11
我要当老师,1121.84
我要我们在一起,32596.68
我谈的那场恋爱,597.98
我，就是风!,828.75
战俘拳王,11.56
战斗民族养成记,725.55
战斧行动,4.12
战旗飘飘,28.54
战歌行,18.16
戴假发的人,421.01
打过长江去,2204.94
托马斯大电影之世界探险记,1826.62
执笔为刀,52.01
扫毒2：天地对决,129579.53
扫毒3：人在天涯,28185.53
扫黑·决不放弃,15421.75
扫黑·决战,40124.31
扫黑行动,17465.19
扬名立万,92303.47
扶贫主任,8.45
扶贫路上,1.48
把哥哥退货可以吗,174.55
抓娃娃,281012.96
抗战中的文艺（舞台纪录片 话剧）,15.37
折腾出来的金窝窝,3.40
抢花炮,4.34
抵达之谜,2535.58
拆弹专家2,130749.04
拨浪鼓咚咚响,148.63
拯救嫌疑人,50055.32
拯救甜甜圈：时空大营救,3744.85
拿摩一等,14.31
拿破仑,2789.81
指尖世界,14.05
指引,5.87
指挥家,132.65
挑战,353.13
捉妖学院,3.75
捞世界,32.92
排球少年!! 垃圾场决战,12860.37
掠食城市,5040.54
探寻外太空生命,3.67
探探猫人鱼公主,275.38
掬水月在手,759.11
搏击者,4.45
搜救,1396.98
搞怪奇妙夜,11.04
搭秋千的人,2.42
摇摆神探,22.20
摇滚吧！老爸,6.06
摇滚少年之全民乐队,8.01
摇滚藏獒：乘风破浪,147.34
摇滚藏獒：蓝色光芒,184.35
撞死了一只羊,988.43
攀登者,105072.87
故乡异客,12.22
故园飘梦,41.24
教授与疯子,271.65
敢死队4：最终章,15629.86
散养时代,2.33
敦煌女儿（沪剧）,74.82
数码宝贝大冒险：最后的进化,12497.57
断·桥,23263.75
断线之后,8.27
断网,6333.62
新喜剧之王,62720.80
新大头儿子和小头爸爸4：完美爸爸,8588.83
新大头儿子和小头爸爸5：我的外星朋友,8254.10
新大头儿子和小头爸爸6：迷你大冒险,2773.81
新愚公移山,184.04
新灰姑娘2,3158.22
新猪猪侠大电影·超级赛车,5360.22
新神榜：哪吒重生,45173.20
新神榜：杨戬,54593.54
新蝙蝠侠,15758.22
新铁弓缘（戏曲 京剧）,1.21
新龙门客栈（舞台纪录电影·越剧）,546.76
方寸之爱,1.82
无价之宝,13741.41
无名,92897.65
无名故事,42.95
无地自容,7.18
无尽攀登,272.39
无影之镜,10.91
无所不能,3421.56
无线信号,62.98
无罪谋杀：科林尼案,433.65
无翅飞翔,34.45
无臂七子,9.66
无辜囚徒,17.48
无音之乐,2.03
日不落酒店,2008.52
日光之下,103.92
日夜江河,104.77
日常幻想指南,2469.61
日暮,46.93
日照妮儿,9.07
旦后,106.72
早安公主,2036.96
旺卡,5325.72
旺扎的雨靴,18.24
昆仑兄弟,556.54
昆岗的号角,6.66
昆虫总动员2：来自远方的后援军,1622.63
明天会好的,3043.18
明天你是否依然爱我,6910.22
明日之战,12373.09
明日战记,61113.64
星愿,4258.76
星星去火星,49.51
星月夜,10.48
星溪的三次奇遇,684.23
星球人,1.76
星球大战：天行者崛起,11893.24
星际侠探,38.38
星际探索,2287.21
春天的麻雀,4.07
春水繁星,2.14
昨日奇迹,121.86
普罗米亚,1978.04
普通男女,106.09
晴雅集,42342.29
智爱2026,4.43
暑期何漫漫,2.87
暗恋·橘生淮南,13539.53
暗杀风暴,7757.32
暗语者,35.24
暴风,3891.60
曾经炽热的我们,92.16
曾经相爱的我们,3602.40
替身纸人,453.62
替身纸人2,385.84
最佳导演,6.15
最佳男友进化论,1951.64
最初的梦想,1817.48
最可爱的人,232.97
最后58天,65.47
最后一刻,8.08
最后一夜,4.06
最后一间房,1370.40
最后的勇士,65.99
最后的心事,6.64
最后的真相,5218.07
最后的里程,620.72
最后的，最初的,147.05
最好的我们,41567.12
最好的相遇,1698.01
最爱的你,2.73
最美的地方遇见你,19.37
最近最远的你,0.85
最近的远方,1.41
最遗憾是错过你,1185.25
最长1枪,806.14
月光武士,194.06
月半爱丽丝,2830.99
月照秋河,402.80
月球陨落,15081.85
有一点动心,1427.01
有你真好！,165.16
有戏了,2.77
有钱特烦恼,24.38
望道,6034.71
朝云暮雨,1857.33
朝华,163.47
朝花夕誓：于离别之朝束起约定之花,1698.24
朝颜,67.30
木兰：横空出世,40.83
木奖杯,1.16
未来机器城,1674.60
未来的你,5.65
未来的未来,996.14
未知嫌疑人,140.34
末日逃生,3423.70
末路囧徒,2.13
末路狂花钱,78146.75
末路迷途,10.49
朱同在三年级丢失了超能力,1488.79
朱英国,4.00
机动战士高达NT,857.25
机器人之梦,1160.02
杀掉那个魔术师,297.10
李夏·在路上,18.54
李畋传奇,15.47
李茂扮太子,46222.31
村头村尾,57.29
村官不难当,5.05
村里来了个洋媳妇,1.47
村里的年轻人,5.31
村里那些事,5.83
村长打工,2.31
来处是归途,8.09
来日皆方长,16.83
来福大酒店,3093.38
来者何人,14.69
来自异乡的女人,1.44
来自汪星的你,592.03
杨蓉的世界,1.95
杨门女将之女将初征,75.06
杨靖宇,137.47
极南之地,240.12
极寒之城,631.19
极寒风暴,84.56
极度危机,272.90
极盗行动,144.19
极速保镖,207.21
极速车王,1561.34
极速阻击,1.01
极限奇援,3.52
极限父子,44.79
极限速递,6.21
林深时见麓,2.50
枪上膛,0.72
某日某月,33.82
柔情史,22.05
查拳风云,1.46
柬爱,14.76
柳浪闻莺,298.06
柳青,339.62
校园神探,88.67
格桑花之爱在前行,11.98
格萨尔藏戏,1.16
桂香街,909.94
桃李无言,30.56
梅根,2229.22
梅艳芳,11251.96
梦境人生,733.83
梦境俏佳人,223.25
梦境历险记,31.01
梦想之城,120.11
梦想之战：踢球吧阿妹,10.53
梦想森林,5.08
梦醒黄金城,4.95
梦里回到昨天,3.77
梧桐树,10.10
梭梭草,3.40
检察方的罪人,1336.88
检察风云,6156.44
棉花糖和云朵妈妈1宝贝芯计划,1211.62
棒！少年,697.63
森巴幸福岛之我要回家,36.59
森林奇缘,766.68
森林飞侠,40.45
楠溪之恋,1.75
榫卯,19.86
樟帮,4.66
横山游击队,4.31
横财局中局,466.60
樱桃崮下,38.79
樵夫·廖俊波,173.28
橙妹儿的时代,70.60
橡树餐厅,51.81
欢乐丛林之外星人大冒险,385.29
欢迎来到我身边,4374.06
欢迎来北方2,84.44
欲念游戏,747.21
歌唱动荡的青春,20.29
歌声的翅膀,2262.56
歌带你回家,324.84
此情可问天,101.47
此时此刻·2019大阅兵,83.77
此生有约,21.28
步步为营,20.45
武圣关公,23.08
武林孤儿,20.44
武汉日夜,2338.95
武陵山上的星光,708.07
死侍2：我爱我家,28438.04
死侍与金刚狼,42575.31
死寂逃亡,985.07
死无对证,2906.41
殊途陌路,10.50
残香无痕,1.74
母亲的直觉,206.46
毒液：最后一舞,67990.40
毒舌律师,18274.81
毒蜂,35.56
比得兔2：逃跑计划,19776.72
比悲伤更悲伤的故事,95695.47
毕业旅行之逍遥骑士,15.35
毕业的我们,347.27
毕业第一年,5.84
毛泽东在才溪,78.69
气·球,648.97
水让我重生,6.95
水边维纳斯,52.96
永不妥协,207.34
永不沉默,8.39
永不消逝的电波（舞台纪录电影·舞剧）,200.80
永不独行,40.85
永安镇故事集,300.79
永远不会走,5.08
永远是少年,651.36
汉文皇后,53.22
汝海风云,22.94
江南,401.12
江南：在爱开始的地方等你,304.06
江城1943,4.59
江水无声,13.45
江海儿女,33.93
江海渔童之巨龟奇缘,109.52
江湖喜事,26.43
江米儿,10.51
江豚·风时舞,755.43
汪汪队立大功之超能救援,7726.36
汪汪队立大功大电影,8253.31
汪汪队立大功大电影2：超能大冒险,13568.47
沂蒙之恋,9.45
沂蒙老兵,9.92
沉睡魔咒2,34518.21
沉默的证人,18052.99
沉默的雪,25.93
沉默笔录,135.73
沉默高原,5.57
沐浴之王,40141.70
沙丘,25384.23
沙丘2,35220.85
沙漏,2906.60
没有一顿火锅解决不了的事,4131.69
没有说出的秘密,4.78
没有过不去的年,5071.60
没有颜色的关系,4.25
河边的错误,30409.96
沼泽深处的女孩,780.61
波依拉,5.77
波斯语课,3588.59
波西米亚狂想曲,9641.47
泪光中的妈妈,48.70
泰勒·斯威夫特：时代巡回演唱会,9780.72
泰味儿,9.68
泳者之心,912.19
洋子的困惑,30.32
活着唱着,47.19
流水落花,25.83
流浪地球,466160.42
流浪地球2,401956.36
流浪地球2：再次冒险,47.66
流浪地球：飞跃2020特别版,417.48
流浪猫鲍勃2：鲍勃的礼物,1475.68
测谎人,2788.04
济公之降龙降世,3826.87
浏阳河上,5.22
浙南儿女英雄传之热血长虹,40.03
浪漫的断章,16.69
浴火之路,46237.46
浴血反击,14.35
浴血大别山,80.04
浴血誓言,27.24
浴血阻击,15.72
海上浮城,45.79
海上钢琴师,14263.37
海关战线,12881.20
海兽之子,1629.83
海安舅舅,7.27
海市蜃楼,11026.07
海底小纵队：洞穴大冒险,5498.32
海底小纵队：火焰之环,3386.32
海林都,4653.94
海洋传奇,24.99
海洋奇缘2,7888.39
海湾之遇,58.76
海王2：失落的王国,46190.85
海生稻香,1.94
海的尽头是草原,3593.20
海绵宝宝：拯救比奇堡,3223.36
海草,1.74
海蒂和爷爷,2037.50
海门深处,124.46
海风吹过零丁洋,7.47
涅槃重生,11.11
消失的丙察察,39.59
消失的她,348813.47
消失的收藏家,64.54
消失的木偶,283.41
涉过愤怒的海,54701.21
深城树下,4.04
深夜食堂,2417.65
深宅迷案,555.97
深海,91373.83
深海危机,190.80
深海特攻队之超能晶石,248.17
深爱,535.07
混沌行走,663.90
清晨车站,63.64
清道夫,6.03
清风的味道,1.33
温暖之城之红日亭,23.04
温暖的抱抱,86409.68
温暖的桥,5.84
温柔壳,1714.34
温泉屋的小老板娘,891.34
港珠澳大桥,691.97
游戏人生 零,1395.76
渼陂,54.26
湘江1934·向死而生,36.04
满江红,454222.61
演员,317.80
漫城,47.17
漫游,47.71
漫漫寻子路,19.75
漫长的告别,90.17
漫长的告白,630.11
潜艇总动员：地心游记,593.21
潜艇总动员：外星宝贝计划,2157.36
潜艇总动员：寻龙,3240.39
潜艇总动员：环游地球80天,3689.30
潜行,38690.14
潜行者,47.45
潮汕风云,8.26
灌篮高手,63022.57
灌篮高手的契约,3.46
火凤重天,0.00
火山地狱,1003.70
火山挚恋,630.17
火影忍者剧场版：忍者之路,3023.71
火红青春,13.55
灭绝,1598.91
灯塔,1.75
灰犀牛,2.82
灰猴,307.20
灵魂电台,40.81
灵魂的救赎,60.43
灶神来了,13.92
灿烂的她,9531.74
点点星光,622.98
烈日殊途,12.42
烈火英雄,164737.25
烈焰卫士,96.03
烈焰危情,1.66
烟火人间,75.84
热带往事,6395.95
热搜,6277.77
热气球飞行家,2114.01
热汤,13.56
热烈,78632.45
热血合唱团,7000.32
热血燃烧,116.65
热辣滚烫,345104.21
烽火塘田,45.36
焚城,24198.66
焚情,101.54
煎饼果子来一套,20.81
煞面迷影,239.90
照明商店,24212.63
煽疯点火,10.16
熊出没·伴我“熊芯”,147750.30
熊出没·原始时代,67695.18
熊出没·狂野大陆,55839.61
熊出没·逆转时空,197995.72
熊出没·重返地球,95400.42
熊猫计划,30760.04
燃冬,2594.04
燃点,817.67
燃烧的巴黎圣母院,99.38
燃烧的玫瑰湖,2.67
燃野少年的天空,16045.91
爆款好人,2702.51
爆裂点,9296.23
爆裂鼓手,224.95
爱·之痕,18.23
爱你很久很久,1908.52
爱在井冈,20.65
爱在长征,4.89
爱在陇南,51.51
爱在零纬度,26.80
爱宠大机密2,15415.98
爱很美味,1074.33
爱情呼叫等待,59.73
爱情图鉴之暗恋,6.95
爱情天梯,5.36
爱情对话框,2.73
爱情拯救联盟,189.51
爱情来时,47.90
爱情的代驾,60.72
爱情神话,26001.30
爱情诅咒,5.20
爱情，到此为止,174.56
爱我长城,8.79
爱无所依,10.22
爱无痕,9.37
爱是一场温柔幻觉,10.70
爱犬奇缘,629.92
爱的富硒泉,6.37
爱的重叠,58.94
爱遍全球,1153.85
父亲在远方,47.26
父子拳王,10.56
父母的城市生活,21.04
父爱永不止息,8.45
爷爷的牛背梁,26.28
爸爸是个农民工,4.99
爸爸是仿生人,2.17
爸爸是外星人,499.87
爸爸的自行车,100.12
爸爸的谎言,11.21
爸爸，我懂你了,69.92
牛哥王华银,23.78
牛王,52.72
牧民省长尕布龙,28.67
牧蜂姑娘,340.80
特别的爸爸,24.59
特工妈咪,36.47
特技狂人,872.58
特殊角色,98.75
特种部队：蛇眼起源,1141.16
特警队,5695.00
犬爱,11.26
犯罪现场,25504.86
狂暴凶狮,4431.30
狃花女,17.94
狐踪谍影,108.88
狗果定理,110.30
狗眼看人心,1861.04
狗神,1680.25
狗阵,3062.71
狙击手,60080.78
独家头条,500.87
独家头条之初露锋芒,15.09
独行月球,293177.63
狭路“箱”逢,27.10
狮子吼,2.35
狮子王,82788.16
狼群,2804.35
狼行者,1307.09
猎屠,1254.85
猎心之血亲,45.57
猎杀,1.86
猎杀T34,2265.89
猎毒行动：终极对决,0.82
猎盗者之彼岸花,10.08
猎袭,1.70
猎袭2,0.94
猛龙出击,14.78
猩球崛起：新世界,20874.73
猪八戒·传说,6363.38
猪猪侠·不可思议的世界,3542.17
猪猪侠大电影·恐龙日记,7927.19
猪猪侠大电影·星际行动,5463.15
猪猪侠大电影·海洋日记,2846.06
猪迪克之蓝海奇缘,337.58
猫公主苏菲,107.03
猫和老鼠,10461.07
猫狗武林,366.57
猴脸,1.88
玄夜狐影,127.36
玉珠串（戏曲、高甲戏）,14.83
玉面.琴师（上）,72.44
玉面琴师（下）,2.15
王牌二哈,183.38
王者盛宴,3.88
王良军长,281.45
玛纳斯人之失落的秘境,2.72
玩具总动员4,20051.18
玩转门神,13.25
环海战记,2.06
珍·古道尔的传奇一生,317.68
珍珠,14.38
珠峰队长,187.77
理查德·朱维尔的哀歌,568.98
瑞喜爱小白,29.34
璀璨薪火3D,13.89
生命中最特别的朋友,25.71
生命之轮,1.23
生命如花爱如蜜,3.08
生命底色,9.22
生命的感叹号,13.35
生命的河,1.15
生命禁区,1.27
生无可恋的奥托,187.63
生机,9.09
生死下一秒,12.78
生死坚守,21.99
生死搏斗,3.32
生死权杖,15.37
生死赛车,52.61
生生,8.48
田园时代,299.74
申纪兰,453.70
电力之战,506.04
男神游戏,1.52
画个圈圈之摩天轮,4.01
画布上的起跑线,9.93
画魔人,204.02
疯了！桂宝之三星夺宝,1174.66
疯狂一家秀,1.65
疯狂丑小鸭2靠谱英雄,368.31
疯狂元素城,11415.34
疯狂原始人2,34820.56
疯狂大营救,86.29
疯狂小世界,93.90
疯狂斗牛场,211.07
疯狂星期一,44.98
疯狂梦幻城,515.16
疯狂海盗团,360.42
疯狂熊孩子2,322.99
疯狂的外星人,221183.63
疯狂的契约,3.01
疯狂的拳头,131.43
疯狂的麦克斯：狂暴女神,6060.45
疯狂绑架,0.66
疯狂艺术村,349.29
疲城,293.30
疾速营救,46.38
白于山之歌,2.48
白云之下,150.15
白塔之光,691.42
白巷里,5.58
白床单,4.16
白日之下,1108.75
白昼如焚,5.92
白月光下,14.72
白牙,58.54
白狮奇缘,87.70
白蛇2：青蛇劫起,57881.98
白蛇之恋,4.31
白蛇传·情,2056.85
白蛇：浮生,38946.85
白蛇：缘起,44701.56
白门柳,4.87
白马王子,192.65
百变马丁：怪兽大作战,587.22
皇后乐队蒙特利尔现场演唱会,254.07
皮壳之下,12.93
皮皮虾总裁,1.09
皮皮鲁与鲁西西之罐头小人,5583.22
皮皮鲁和鲁西西之309暗室,359.64
盐湖计划,6.40
监护风云,84.32
盒子的秘密,118.91
盗听者,1.59
盗梦特攻队,0.00
盛夏未来,38632.86
盟军敢死队,517.62
盲琴师,105.40
盲舞,186.03
直击现场,10.79
直播攻略,6.36
直立象传说,85.84
相亲时代,10.88
相见在鸾峰桥,5.47
看不见的他们,120.41
看不见的小孩,1758.44
看不见的朋友,65.79
看不见的顶峰,114.78
真·三国无双,1463.28
真假美猴王之大圣无双,114.65
真爱不迟到,89.16
真爱百分百,106.22
真相漩涡,68.23
睿王与庄妃（粤剧）,2.07
瞒天过海,16449.69
瞽师,4.03
矩阵梦迷宫,18.27
矮婆,18.75
石狮之舞,27.13
石狮爱情故事,3.53
破冰72小时,7.38
破冰少年,6.07
破战,10.59
破晓徂徕山,1.58
硬核老爸,21.48
碟中谍7：致命清算（上）,34686.09
碟仙,5410.16
碧血丹砂,1.08
碧血锦衣卫,2.66
碧血黎明,2.55
祈祷落幕时,6709.84
祝你幸福！,5995.57
神偷奶爸4,41515.54
神兜兜和奶爸,41.84
神兽魔王大作战,1.46
神剑奇缘,10.82
神奇乐园历险记,4754.11
神奇动物学校,10.44
神奇动物：邓布利多之谜,18762.26
神奇女侠1984,16433.52
神探伍士德,44.12
神探大战,70895.29
神探罗蒙,41.20
神探罗蒙3,102.40
神探蒲松龄,15376.85
神秘友友,206.28
神秘海域,12292.01
禁锢,131.24
福星高照朱小八,452.08
禹城秘事,0.00
禹神传之王者少年,507.75
离秋,20.50
秀美人生,2073.03
秃涂陌路,28.46
秋田,107.39
秘不可言,144.54
秘密拼图,3.03
秘密花园,15.69
秘密菜园,1.96
秘密访客,21483.92
秦明·生死语者,2992.62
秦淮河边一间房,8.14
移情高手,152.00
稍微想起一些,197.56
空中之城,107.50
空天战队之星兽大战,19.08
空巢也疯狂,21.20
穿越丝路的花雨,1.24
穿越烽火,71.46
穿过寒冬拥抱你,93283.88
穿过月亮的旅行,4521.76
穿过雨林,34.29
穿靴子的猫2,4673.80
突围,18.31
突破口,514.36
站着等你三千年,4.77
童年周恩来,1081.44
童童的风铃密室,695.02
童话·世界,144.17
笙声,202.62
笨鸟大冒险,490.64
第一次的离别,467.77
第一炉香,6421.62
第三声钟响,1.13
第二十条,244890.04
第八个嫌疑人,43750.17
第十一回,7382.21
第四面墙,130.85
等你回家,13.84
等你醒来,11.60
等儿的湿地,0.00
等待秋沙鸭,2.09
简爱之约,25.42
篮球冠军,48.02
精灵小王子,20.98
精灵怪物：疯狂之旅,612.54
精灵旅社4：变身大冒险,10643.46
素人特工,2241.49
紧急救援,47009.65
紧急营救,5.17
紫罗兰永恒花园外传：永远与自动手记人偶,4824.97
红光,38.10
红尖尖,43.19
红巴山,25.59
红旗渠之归来仍是少年,82.63
红旗渠之恋,1.28
红星照耀中国,3190.33
红星闪亮,4.50
红月亮森林,2.53
红楼梦之金玉良缘,548.55
红毯先生,1011.25
红船,904.70
红色一号：冬日行动,2138.14
红色之子·单刀赴会,44.12
红色冲浪板,149.88
红色土司,56.72
红色圩场,24.98
红色裁判,1.43
红色警戒,35.40
红花绿叶,20.13
红豆杉之恋,2.13
红辣椒,81.30
红麦,6.63
纹身,184.64
纽约的一个雨天,1265.04
终极代码,1133.86
终结者：黑暗命运,35165.67
绑架游戏,1241.58
绝地战警：生死与共,3670.69
绝地战警：疾速追击,3501.68
绝地追击,2898.54
绝地重生,593.11
绝望主夫,30347.56
绝杀慕尼黑,8979.62
维和防暴队,51171.00
绿叶对根的情意,19.71
绿皮书,47721.47
绿色合伙人,3.77
绿色的声音,113.58
绿茵之外,117.64
缉魂,9824.67
网络凶铃,1468.71
罗宾汉：起源,436.46
罗小黑战记,31294.38
罗曼蒂克之城,34.90
罗长姐,13.35
罗马,505.47
美丽乡约,1.21
美丽人生,5989.98
美人何处,5.00
美人记·昭君,1.00
美人鱼的夏天,48.63
美国内战,1666.71
美好人间,165.73
翦伯赞,1.46
翱翔雄心,127.61
翻转的手心,35.88
老七,3.79
老公去哪了,84.67
老喇叭新传,2.12
老墙,28.05
老师·好,34742.07
老师，你会不会回来,6.74
老师，别哭,186.38
老师，您好！,4.54
老杨和他的南东块,3.86
老枪,554.73
老爷保号,296.36
老鹰抓小鸡,3473.17
耿二驴那些事儿,2.39
背后的凶手,2.49
胜券在握,18411.39
胡杨林之恋,23.24
胡柚娃,13.35
脐带,158.14
脑洞大开,311.51
致命复活,49.31
致命梦魇,96.55
致命记忆之花开双生,282.03
致我的陌生恋人,901.14
致敬英雄,369.10
舒克贝塔·五角飞碟,6162.22
舞动吧！少年,5.28
舞动奇迹,2.73
舞台,20.60
舞者,249.36
航海王：强者天下,1230.18
航海王：狂热行动,20360.07
航海王：红发歌姬,18520.10
色彩中国,67.39
芒咕的动物城,561.07
芙蓉渡,301.33
芬芳,51.77
芭比,25232.21
芭比公主历险记,126.60
花儿与歌声,360.76
花儿为什么这样红,598.81
花千骨,649.58
花开那年,17.56
花开高黎贡,51.83
花木兰,27562.71
花束般的恋爱,9032.34
花椒之味,172.09
花渡好时光,5.01
花滑女王2：爸爸我爱你,72.22
花火时光,47.89
芳草满天涯,45.52
若能与你共乘海浪之上,1349.03
英歌魂,22.13
英雄无悔,0.10
英雄有梦,42.23
英雄武松,1.32
英雄若兰,52.01
范蠡献西施（粤剧）,8.00
茶啊二中,34596.13
草原大作战,106.21
草台班子：套路奇兵,9.40
草木人间,12177.94
荒原,167.98
荒野召唤1,1.28
荒野咖啡馆,12.56
荒野机器人,4819.82
荒野狂兽,45.37
荞麦疯长,5214.03
荣耀时刻,24.13
药·不要,64.62
莫斯科行动,66187.65
莲花池,5.52
菊次郎的夏天,902.97
菲凡记忆,8.92
萌宠流浪记,1130.15
萌宠特工队,853.07
萌鸡小队：萌闯新世界,1926.96
萌鼠大冒险,18.63
萤火奇兵2：小虫不好惹,361.60
萤火虫的天空,117.71
萨瓦流淌的方向,17.46
落凡尘,3322.66
落地生根,87.06
蓝色生死恋,149.25
蓝色百褶裙,3.14
蓝色的卡布奇诺,94.87
蓝色禁区：凪,3336.04
蓝色防线,559.60
蓦然回首,5354.81
蕃薯浇米,22.49
薪火相传,13.53
藏羚王之宝贝日记—极地追踪,0.81
虫林大作战,774.49
蚁人与黄蜂女：量子狂潮,26934.77
蛋宝大营救,537.91
蜂鸟计划,329.67
蜘蛛侠：纵横宇宙,35636.35
蜘蛛侠：英雄远征,139523.43
蜘蛛夫人：超感觉醒,582.80
蜜熊的音乐奇旅,685.03
蜡笔小新：我们的恐龙日记,11141.75
蜡笔小新：新次元！超能力大决战,11755.34
蜻蜓少年,21.83
血战敖伦布拉格,15.23
血战许昌,11.31
血色活字,10.58
街娃儿,10.49
衣柜里的冒险王,362.54
表白吧！在毕业前,369.21
被光抓走的人,7056.68
被我弄丢的你,21165.74
被遗忘的童年游戏,8.62
裸绞,10.00
西南东北客,1.70
西府游击队,2.60
西施新传,4.39
西河恋歌,19.42
西游记之七十二变,832.10
西游记之再世妖王,11230.92
西游鱼之海底大冒险,101.02
要活着去天堂,51.35
觅渡,1776.28
角斗士2,3855.51
解密,24150.73
解放·终局营救,4162.28
触不可及,2366.31
警告,63.07
警察特训营之绝对危机,1.40
订亲,46.45
让花儿绽放,2.51
让这首歌作证,33.66
记忆,254.38
记忆中的微光,1.29
记忆切割,390.66
记忆消失前,6.70
许愿神龙,15783.04
设计未来,1.21
证明,20.47
诗与真,7.15
诗人,98.28
诗和远方的聚会,8.41
诛仙Ⅰ,40489.85
话梦光影,96.45
诡摇铃,235.83
误杀,118660.00
误杀2,111504.07
误杀瞒天记,3128.70
误闯隐形岛,2.18
请别相信她,5216.17
请叫我龙师傅,2.00
诺亚方舟漂流记2,149.55
读心者之深海,54.14
谁偷了我的粉兔子,16.21
谁开的枪,2.04
谁说我不靠谱,101.44
谁说我们不会爱2,19.69
调酒师,1.00
调音师,32341.87
谈判专家,11610.81
谯国夫人（粤剧）,1111.10
谷子地,3.92
谷文昌的故事,2.47
谷魂,40.10
象县剿匪记,7.99
贝肯熊2：金牌特工,8092.25
贝肯熊：火星任务,8083.08
贞胜,2.61
负负得正,6994.68
贫民窟之王,41.39
赛尔号大电影7：疯狂机器城,2409.17
赤焰,672.35
赤狐书生,18565.54
赤砂,1.03
走出炭子冲,0.59
走走停停,10029.24
起初,1.20
超级特战队,37.49
超级的我,930.38
超级英雄美猴王：齐天儿,456.00
超级飞侠：乐迪加速,6037.34
超级马力欧兄弟大电影,17041.36
超能一家人,29947.88
超萌时空宝贝,7.69
超越,14270.86
越域重生,6.83
越界,1449.44
足球·少年,16.85
足球爸爸,3.58
跟世俗说再见,425.19
跨过鸭绿江,10170.84
跳吧！拉丁舞,5.22
跳水吧，少年郎！,122.23
跳舞吧 爸爸,1.80
跳舞吧！大象,3845.85
踢出个未来,29.29
踢球吧孩子,2.14
踢球吧少年,37.62
踮起脚尖说爱你,38.52
车库,68.07
转型团伙,1670.70
转生大作战,309.14
辉夜大小姐想让我告白：天才们的恋爱头脑战,397.23
辣警霸王花：澳门行动,10.47
边境迷雾,13.96
边疆军魂,0.00
边缘行者,13958.03
达琳达,10.51
达芬奇大冒险：拯救蒙娜丽莎,199.77
达荷美女战士,7.52
达道里,396.02
过山榜,26.63
过春天,919.45
过昭关,26.16
还是觉得你最好,10365.21
还是觉得你最好2,1627.89
这个杀手不太冷,1704.48
这个杀手不太冷静,261555.55
这么多年,30118.02
进京城,1451.76
进城记,417.84
进球吧！少年,64.66
远山的等待,1.48
远山花开,83.61
远方有多远,126.34
远方的风,105.25
迟来的告白,59.44
迪丽丽的奇幻巴黎,65.53
迫降乌江,25.00
迷你世界之觉醒,2720.01
迷你特工队之拯救恐龙王,2384.42
迷你特工队之汉堡大作战,1133.95
迷失1231,134.07
迷失之城,248.13
迷妹罗曼史,239.63
迷局伏香,61.89
迷途重生,189.10
迷雾追凶,225.98
追你而来,81.23
追光,48.13
追光万里,270.72
追凶十九年,467.84
追月,116.38
追梦险途,90.71
追球,4.65
追缉,2082.21
追虎擒龙,24364.65
追龙Ⅱ,30173.99
送你一朵小红花,143248.38
送我上青云,2936.86
逃出白垩纪,655.14
逆博孤城,1.11
逆境追凶,3.20
逆流大叔,67.95
逆罪,23.11
逆行人生,34212.36
逆鳞,17537.51
逗爱熊仁镇,630.03
通往夏天的隧道，再见的出口,1682.42
通往春天的列车,322.76
速度与激情10,96531.50
速度与激情9,133117.15
速度与激情：特别行动,139867.30
速度与爱情,55.23
造梦之家,221.10
遇见你,7733.04
遇见你之后,1651.44
遇见喵星人,116.26
遇见明天,3.00
遥远的牧驼人,5.00
邓小平小道,345.97
邓恩铭（京剧）,1.42
那一夜，我给你开过车,99.43
那个不为人知的故事,11313.77
那人那事,54.08
那座桥,12.07
那时的你,446.06
那时风华,1556.84
那树繁花,1.54
邻座的怪同学,216.81
邻里美好的一天,196.50
郊区的鸟,46.29
郭富山,2.99
醒来2,369.38
醒来之爱的呼唤,283.48
里奇不眠夜,37.49
里斯本丸沉没,4342.60
重山之外,118.53
重整河山待后生,1.45
重生,46459.87
重生小确幸,211.47
野夏天,66.25
野孩子,24122.52
野性的呼唤,3427.84
野猪,79.31
野蛮人入侵,67.89
野马分鬃,1165.74
金凤湾的笑声,0.35
金刚川,112175.98
金剑行动,1.23
金手指,57196.78
金玉满堂之一网不捞鱼,2.95
金的音像店,176.57
金腰带,66.23
金色少年,13.34
金色荣耀,65.33
金色面具英雄,345.84
金莲（戏曲 广东汉剧）,2.58
金钱堡垒,311.15
金陵御猫,113.55
钟馗伏妖,53.60
钢铁意志,8979.05
钢铁飞龙之奥特曼崛起,4031.36
钱在囧途,2.44
钱塘风云,24.62
铁拳行动,7.19
铁拳雄心,35.30
铁血阳泉,95.60
铁道英雄,14134.56
铁马英歌,4.17
铃芽之旅,80413.02
铤而走险,4322.31
银河写手,294.55
银河宝贝,28.88
银河护卫队3,59966.66
银河补习班,77844.72
银行家,1934.32
错乱空间,155.55
错爱迷踪,499.29
错过你的那些年,4826.34
锦绣河山,7.55
镜世界,230.26
长安三万里,178808.17
长安伏妖,292.27
长安诡事传,106.92
长安道,2578.38
长官传奇,41.40
长寿花,4.02
长征一家人,12.46
长沙夜生活,2052.63
长津湖,572146.29
长津湖之水门桥,404480.70
长空之王,84047.67
长风万里,15.80
门前宝地,192.82
门锁,24118.79
闪亮的军号,9.88
闪电侠,18268.90
闪耀少年之空中接力,68.67
闪耀的星空,83.66
闯堂兔3囧囧时光机,482.84
间谍过家家 代号：白,29205.35
闺蜜心窍,378.89
队长老爸,4.53
阳光劫匪,4371.15
阳光姐妹淘,8722.41
阳光照耀塔什库尔干,4.35
阳台上,390.80
阿丽塔：战斗天使,88967.00
阿凡达：水之道,163840.27
阿拉丁,36777.19
阿狸,313.16
阿盖尔：神秘特工,1538.97
阿莫阿依,481.22
阿里巴巴与神灯,1229.53
陀螺女孩,101.07
陈真,160.14
陌上花开,10.65
陌路徒者,50.89
陌路惊魂,147.74
陌路无期,190.31
陌路狂刀,53.82
除暴,53410.56
陨石江湖：天降20亿,96.80
险诈,2.65
陪你在全世界长大,90.10
陪你很久很久,9256.18
陵水谣,0.04
随烟而散,0.75
随风飘散,23.39
隐入尘烟,9324.36
隐形人,2566.57
隧道尽头,706.12
难以置信,151.22
难忘1935,1.94
雀斑公主,1402.48
雄狮少年,23241.92
雏凤新声,5.13
雪人奇缘,12128.12
雪域少年,645.25
雪岭猎人传说,1.03
雪暴,2797.72
雪豹,833.96
雪豹和她的朋友们,238.86
零度极限,0.19
零零后,403.31
雷米奇遇记,54.81
雷雨,96.99
雷霆沙赞！,28853.03
雷霆沙赞！众神之怒,4079.64
霹雳娇娃,7520.14
青年邓颖超,20.73
青春不悔,4.80
青春之骏,212.71
青春作伴好还乡,1039.25
青春再见青春,127.38
青春季,14.81
青春就这么过,9.78
青春是首歌,13.73
青春梦幻之穷小子的幸福,38.31
青春正好,137.52
青春破晓,4.79
青木劫,72.01
青檀,2.43
青苔花开,33.48
青蛙王国-极限运动,1507.46
青蛙王国之奇幻女王历险,207.95
青蛙王子历险记,1120.69
青蛙王子历险记2,252.02
非凡父子,9.06
非对称较量,21.38
非常·主播,23.85
非正式爱情,211.62
非礼勿言,320.74
非诚勿扰3,10181.57
靠近我一点,718.50
靠近我温暖你,21.14
革命者,13435.95
韦驮门,25.75
音乐家,378.82
音乐课,33.69
顺天府奇案之国子监案,5.24
顺子加油,63.32
风中有朵雨做的云,6498.58
风从塬上来,2.16
风再起时,3367.39
风吹吧麦浪,20.57
风吹浪涌,32.31
风平浪静,8325.34
风来风去,7.27
风流一代,881.89
风筝·风筝,5.34
风雨同仁堂（京剧）,13.10
风雨日昇昌,67.72
风马的天空,1.00
飚战,50.54
飞兔大联盟,321.61
飞向月球,1.22
飞吧冰球,1.21
飞天神鼠白玉堂,16.83
飞奔去月球,582.71
飞碟玩幻地球人,8.52
飞行员呆呆鸟,1.17
飞驰人生,172611.70
飞驰人生2,338844.24
飞鸭向前冲,1601.24
食神,585.74
饥饿游戏：鸣鸟与蛇之歌,5715.99
饮料超人,51.93
马家小哥儿,4.89
马庄村,19.39
马永贞之闸北决,570.84
马背上的婚礼,156.79
马莲花开,24.99
驯龙高手3,36341.14
驻村第一书记,2.08
骄傲的少年,307.22
骄阳,1.20
骑遇,318.57
骑鲸少年,1.70
骡子,1073.93
骨瓷,247.27
高中的我们,4.14
高兴逮笨贼,27.69
高卢英雄：魔法的秘密,148.84
高原之春,12.10
高铁作证,117.59
魔发精灵2,688.60
魔幻奇缘之宝石公主,643.09
魔法坏女巫,940.44
魔法奇程,4.23
魔法满屋,7669.23
魔法精灵,463.41
魔法鼠乐园,91.56
魔神Z,40.43
魔镜奇缘3,508.75
魔音谷,0.77
鲛在水中央,6.39
鲨海逃生,4727.22
鲸落,11.63
鳄鱼莱莱,585.04
鸳鸯楼·惊魂,11965.06
鹦鹉杀,3908.53
鹭世界,473.51
麦哲伦环游历险记,82.25
麦子的盖头,328.68
麦路人,1789.03
黄埔军人,36.59
黄河尕谣,0.00
黄玫瑰,774.67
黄花塘往事,16.70
黄雀在后！,10085.43
黄鹤楼之盐道迷局,15.67
黑匣子,2.50
黑客帝国：矩阵重启,8575.64
黑暗森林,4.17
黑白魔女库伊拉,15465.05
黑衣人：全球追缉,30432.95
黑豹2,10501.84
默杀,135125.78
鼠胆英雄,9789.03
鼠辈之名,186.38
龙与地下城：侠盗荣耀,8234.98
龙井,26.01
龙卷风,2032.21
龙女孩,119.18
龙牌之谜,2015.23
龙珠寻游记,1.30
龙珠超：布罗利,3135.55
龙珠超：超级人造人,1115.90
龙神之子,198.01
龙虎劫之激战归来,106.40
龙虎武师,97.95
龙马精神,21046.72
龙马！新生网球王子,17.08
龟兔赛跑,28.14
